{
  "hash": "4b9cb6b8",
  "configHash": "3f855b11",
  "lockfileHash": "72e3436f",
  "browserHash": "cd51cf07",
  "optimized": {
    "@angular/common": {
      "src": "../../../../../../node_modules/@angular/common/fesm2022/common.mjs",
      "file": "@angular_common.js",
      "fileHash": "17cc6095",
      "needsInterop": false
    },
    "@angular/common/http": {
      "src": "../../../../../../node_modules/@angular/common/fesm2022/http.mjs",
      "file": "@angular_common_http.js",
      "fileHash": "d7d8f550",
      "needsInterop": false
    },
    "@angular/core": {
      "src": "../../../../../../node_modules/@angular/core/fesm2022/core.mjs",
      "file": "@angular_core.js",
      "fileHash": "558b58f5",
      "needsInterop": false
    },
    "@angular/forms": {
      "src": "../../../../../../node_modules/@angular/forms/fesm2022/forms.mjs",
      "file": "@angular_forms.js",
      "fileHash": "46d80790",
      "needsInterop": false
    },
    "@angular/platform-browser": {
      "src": "../../../../../../node_modules/@angular/platform-browser/fesm2022/platform-browser.mjs",
      "file": "@angular_platform-browser.js",
      "fileHash": "9e1ed65b",
      "needsInterop": false
    },
    "@angular/router": {
      "src": "../../../../../../node_modules/@angular/router/fesm2022/router.mjs",
      "file": "@angular_router.js",
      "fileHash": "346b5c2f",
      "needsInterop": false
    },
    "@apollo/client/core": {
      "src": "../../../../../../node_modules/@apollo/client/core/index.js",
      "file": "@apollo_client_core.js",
      "fileHash": "03a8e592",
      "needsInterop": false
    },
    "apollo-angular": {
      "src": "../../../../../../node_modules/apollo-angular/fesm2022/ngApollo.mjs",
      "file": "apollo-angular.js",
      "fileHash": "a8cf8bd3",
      "needsInterop": false
    }
  },
  "chunks": {
    "chunk-ET7RSW3C": {
      "file": "chunk-ET7RSW3C.js"
    },
    "chunk-W5FVERYR": {
      "file": "chunk-W5FVERYR.js"
    },
    "chunk-42KA2TYZ": {
      "file": "chunk-42KA2TYZ.js"
    },
    "chunk-U5ILEPFK": {
      "file": "chunk-U5ILEPFK.js"
    },
    "chunk-KCS35COO": {
      "file": "chunk-KCS35COO.js"
    },
    "chunk-EP3VDEZY": {
      "file": "chunk-EP3VDEZY.js"
    },
    "chunk-L3TH4L7L": {
      "file": "chunk-L3TH4L7L.js"
    }
  }
}